"DESCRIPTION","DURATION IN MS","NAME","PARENT SUITE","START TIME","STATUS","STOP TIME","SUB SUITE","SUITE","TEST CLASS","TEST METHOD"
"","866","standard_user wrong password login","webkit","2026-10-02","passed","2026-10-02","","hw-09-typescript/auth.spec.ts","",""
"","1507","test","webkit","2026-10-02","passed","2026-10-02","","hw-10-locators/complex.spec.ts","",""
"","4546","test","firefox","2026-10-02","passed","2026-10-02","","hw-11-playwright/disappear.spec.ts","",""
"","491","Negative login: standard_user","firefox","2026-10-02","passed","2026-10-02","","tests/login_ddt.spec.ts","",""
"","1633","test","Mobile Chrome","2026-10-02","passed","2026-10-02","","hw-09-typescript/navigation.spec.ts","",""
"","30494","test","Mobile Safari","2026-10-02","broken","2026-10-02","","hw-11-playwright/disappear.spec.ts","",""
"","426","login with fixture","chromium","2026-10-02","passed","2026-10-02","","tests/login_fixture.spec.ts","",""
"","15622","test","firefox","2026-10-02","passed","2026-10-02","","hw-11-playwright/waits.spec.ts","",""
"","808","test","webkit","2026-10-02","passed","2026-10-02","","hw-10-locators/shadow.spec.ts","",""
"","2023","standard_user successful login","chromium","2026-10-02","passed","2026-10-02","","hw-09-typescript/auth.spec.ts","",""
"","401","Negative login: standard_user","chromium","2026-10-02","passed","2026-10-02","","tests/login_ddt.spec.ts","",""
"","621","Negative login: standard_user","Mobile Safari","2026-10-02","passed","2026-10-02","","tests/login_ddt.spec.ts","",""
"","2163","test","Mobile Safari","2026-10-02","passed","2026-10-02","","hw-10-locators/calendar.spec.ts","",""
"","4388","test","Mobile Chrome","2026-10-02","passed","2026-10-02","","hw-09-typescript/checkbox.spec.ts","",""
"","1921","standard_user wrong password login","chromium","2026-10-02","passed","2026-10-02","","hw-09-typescript/auth.spec.ts","",""
"","756","test","Mobile Safari","2026-10-02","passed","2026-10-02","","hw-10-locators/tables.spec.ts","",""
"","598","login with Facade","firefox","2026-10-02","passed","2026-10-02","","tests/checkout.spec.ts","",""
"","2274","test","firefox","2026-10-02","passed","2026-10-02","","hw-10-locators/iframe.spec.ts","",""
"","6885","standard_user successful login","webkit","2026-10-02","passed","2026-10-02","","hw-09-typescript/auth.spec.ts","",""
"","3718","test","Mobile Chrome","2026-10-02","passed","2026-10-02","","hw-11-playwright/disappear.spec.ts","",""
"","716","test","webkit","2026-10-02","passed","2026-10-02","","hw-10-locators/tables.spec.ts","",""
"","655","Negative login: empty field","Mobile Safari","2026-10-02","passed","2026-10-02","","tests/login_ddt.spec.ts","",""
"","1846","test","webkit","2026-10-02","passed","2026-10-02","","hw-10-locators/iframe.spec.ts","",""
"","1669","standard_user successful login","firefox","2026-10-02","passed","2026-10-02","","hw-09-typescript/auth.spec.ts","",""
"","1702","test","webkit","2026-10-02","passed","2026-10-02","","hw-09-typescript/navigation.spec.ts","",""
"","1859","modal popup","firefox","2026-10-02","passed","2026-10-02","","tests/modal.spec.ts","",""
"","3","getFormattedDate returns a string in DD-MM-YYYY format","chromium","2026-10-02","passed","2026-10-02","","tests/dateHelper.spec.ts","",""
"","519","Negative login: locked_out_user","Mobile Chrome","2026-10-02","passed","2026-10-02","","tests/login_ddt.spec.ts","",""
"","1219","test","firefox","2026-10-02","passed","2026-10-02","","hw-10-locators/calendar.spec.ts","",""
"","655","Negative login: locked_out_user","Mobile Safari","2026-10-02","passed","2026-10-02","","tests/login_ddt.spec.ts","",""
"","468","login","chromium","2026-10-02","passed","2026-10-02","","tests/login_pom.spec.ts","",""
"","15970","test","webkit","2026-10-02","passed","2026-10-02","","hw-11-playwright/waits.spec.ts","",""
"","15699","test","Mobile Safari","2026-10-02","passed","2026-10-02","","hw-11-playwright/waits.spec.ts","",""
"","486","Negative login: standard_user","Mobile Chrome","2026-10-02","passed","2026-10-02","","tests/login_ddt.spec.ts","",""
"","1770","test","Mobile Safari","2026-10-02","passed","2026-10-02","","hw-09-typescript/navigation.spec.ts","",""
"","1110","login","webkit","2026-10-02","passed","2026-10-02","","tests/login_pom.spec.ts","",""
"","1284","test","firefox","2026-10-02","passed","2026-10-02","","hw-10-locators/complex.spec.ts","",""
"","30301","test","chromium","2026-10-02","broken","2026-10-02","","hw-11-playwright/disappear.spec.ts","",""
"","1","getFormattedDate returns a string in DD-MM-YYYY format","Mobile Chrome","2026-10-02","passed","2026-10-02","","tests/dateHelper.spec.ts","",""
"","1031","test","chromium","2026-10-02","passed","2026-10-02","","hw-10-locators/complex.spec.ts","",""
"","1764","modal popup","chromium","2026-10-02","passed","2026-10-02","","tests/modal.spec.ts","",""
"","1","getFormattedDate returns a string in DD-MM-YYYY format","webkit","2026-10-02","passed","2026-10-02","","tests/dateHelper.spec.ts","",""
"","2090","test","webkit","2026-10-02","passed","2026-10-02","","hw-10-locators/calendar.spec.ts","",""
"","379","Negative login: empty field","chromium","2026-10-02","passed","2026-10-02","","tests/login_ddt.spec.ts","",""
"","722","standard_user wrong password login","firefox","2026-10-02","passed","2026-10-02","","hw-09-typescript/auth.spec.ts","",""
"","3659","test","Mobile Safari","2026-10-02","passed","2026-10-02","","hw-09-typescript/checkbox.spec.ts","",""
"","1618","test","firefox","2026-10-02","passed","2026-10-02","","hw-10-locators/shadow.spec.ts","",""
"","545","standard_user successful login","Mobile Chrome","2026-10-02","passed","2026-10-02","","hw-09-typescript/auth.spec.ts","",""
"","974","Negative login: locked_out_user","webkit","2026-10-02","passed","2026-10-02","","tests/login_ddt.spec.ts","",""
"","480","login with Facade","Mobile Chrome","2026-10-02","passed","2026-10-02","","tests/checkout.spec.ts","",""
"","2751","modal popup","webkit","2026-10-02","passed","2026-10-02","","tests/modal.spec.ts","",""
"","15864","test","chromium","2026-10-02","passed","2026-10-02","","hw-11-playwright/waits.spec.ts","",""
"","401","test","Mobile Chrome","2026-10-02","passed","2026-10-02","","hw-10-locators/tables.spec.ts","",""
"","1770","test","Mobile Chrome","2026-10-02","passed","2026-10-02","","hw-10-locators/calendar.spec.ts","",""
"","483","login","Mobile Chrome","2026-10-02","passed","2026-10-02","","tests/login_pom.spec.ts","",""
"","1872","modal popup","Mobile Chrome","2026-10-02","passed","2026-10-02","","tests/modal.spec.ts","",""
"","1851","test","Mobile Chrome","2026-10-02","passed","2026-10-02","","hw-10-locators/iframe.spec.ts","",""
"","610","login with fixture","firefox","2026-10-02","passed","2026-10-02","","tests/login_fixture.spec.ts","",""
"","940","login with Facade","webkit","2026-10-02","passed","2026-10-02","","tests/checkout.spec.ts","",""
"","408","Negative login: locked_out_user","chromium","2026-10-02","passed","2026-10-02","","tests/login_ddt.spec.ts","",""
"","341","test","chromium","2026-10-02","passed","2026-10-02","","hw-10-locators/shadow.spec.ts","",""
"","1149","login with fixture","webkit","2026-10-02","passed","2026-10-02","","tests/login_fixture.spec.ts","",""
"","1197","test","chromium","2026-10-02","passed","2026-10-02","","hw-09-typescript/navigation.spec.ts","",""
"","1044","test","chromium","2026-10-02","passed","2026-10-02","","hw-10-locators/calendar.spec.ts","",""
"","1517","test","Mobile Safari","2026-10-02","passed","2026-10-02","","hw-10-locators/complex.spec.ts","",""
"","808","Negative login: empty field","webkit","2026-10-02","passed","2026-10-02","","tests/login_ddt.spec.ts","",""
"","4735","test","webkit","2026-10-02","passed","2026-10-02","","hw-11-playwright/disappear.spec.ts","",""
"","1686","test","Mobile Chrome","2026-10-02","passed","2026-10-02","","hw-10-locators/complex.spec.ts","",""
"","801","test","Mobile Chrome","2026-10-02","passed","2026-10-02","","hw-10-locators/shadow.spec.ts","",""
"","605","login with Facade","chromium","2026-10-02","passed","2026-10-02","","tests/checkout.spec.ts","",""
"","30895","test","firefox","2026-10-02","broken","2026-10-02","","hw-10-locators/tables.spec.ts","",""
"","544","login","firefox","2026-10-02","passed","2026-10-02","","tests/login_pom.spec.ts","",""
"","809","Negative login: standard_user","webkit","2026-10-02","passed","2026-10-02","","tests/login_ddt.spec.ts","",""
"","2199","test","firefox","2026-10-02","passed","2026-10-02","","hw-09-typescript/checkbox.spec.ts","",""
"","1","getFormattedDate returns a string in DD-MM-YYYY format","firefox","2026-10-02","passed","2026-10-02","","tests/dateHelper.spec.ts","",""
"","1018","standard_user successful login","Mobile Safari","2026-10-02","passed","2026-10-02","","hw-09-typescript/auth.spec.ts","",""
"","1360","test","firefox","2026-10-02","passed","2026-10-02","","hw-09-typescript/navigation.spec.ts","",""
"","1567","test","chromium","2026-10-02","passed","2026-10-02","","hw-10-locators/iframe.spec.ts","",""
"","729","login with Facade","Mobile Safari","2026-10-02","passed","2026-10-02","","tests/checkout.spec.ts","",""
"","1013","test","Mobile Safari","2026-10-02","passed","2026-10-02","","hw-10-locators/shadow.spec.ts","",""
"","533","Negative login: locked_out_user","firefox","2026-10-02","passed","2026-10-02","","tests/login_ddt.spec.ts","",""
"","1868","test","chromium","2026-10-02","passed","2026-10-02","","hw-09-typescript/checkbox.spec.ts","",""
"","1571","standard_user wrong password login","Mobile Chrome","2026-10-02","passed","2026-10-02","","hw-09-typescript/auth.spec.ts","",""
"","1","getFormattedDate returns a string in DD-MM-YYYY format","Mobile Safari","2026-10-02","passed","2026-10-02","","tests/dateHelper.spec.ts","",""
"","570","login with fixture","Mobile Chrome","2026-10-02","passed","2026-10-02","","tests/login_fixture.spec.ts","",""
"","32115","test","chromium","2026-10-02","broken","2026-10-02","","hw-10-locators/tables.spec.ts","",""
"","15765","test","Mobile Chrome","2026-10-02","passed","2026-10-02","","hw-11-playwright/waits.spec.ts","",""
"","3082","test","webkit","2026-10-02","passed","2026-10-02","","hw-09-typescript/checkbox.spec.ts","",""
"","465","Negative login: empty field","Mobile Chrome","2026-10-02","passed","2026-10-02","","tests/login_ddt.spec.ts","",""
"","1761","test","Mobile Safari","2026-10-02","passed","2026-10-02","","hw-10-locators/iframe.spec.ts","",""
"","674","login with fixture","Mobile Safari","2026-10-02","passed","2026-10-02","","tests/login_fixture.spec.ts","",""
"","722","login","Mobile Safari","2026-10-02","passed","2026-10-02","","tests/login_pom.spec.ts","",""
"","911","standard_user wrong password login","Mobile Safari","2026-10-02","passed","2026-10-02","","hw-09-typescript/auth.spec.ts","",""
"","514","Negative login: empty field","firefox","2026-10-02","passed","2026-10-02","","tests/login_ddt.spec.ts","",""
"","2065","modal popup","Mobile Safari","2026-10-02","passed","2026-10-02","","tests/modal.spec.ts","",""
